1045,73.5,570.8,18.5,35.9,-30.6,11.5,4,174
5010,84.5,500.3,32.8,-31.1,-75.0,23.4,1,45
1010,93.0,561.3,18.5,34.3,-19.4,14.5,4,169
3161,94.5,412.9,21.2,63.3,14.9,16.9,7,318
3187,95.6,631.2,21.2,49.2,48.3,17.1,10,433
2020,98.0,523.1,20.1,-41.1,-74.6,16.6,,583
2012,99.5,404.9,20.1,16.1,-85.7,16.9,1,9
1009,101.0,538.0,18.5,37.2,-17.5,15.8,4,168
3069,101.0,521.5,21.2,-20.0,24.9,18.1,,597
1028,103.0,827.9,18.5,14.4,33.5,63.1,8,349
2016,106.0,540.1,20.1,-11.6,-90.4,18.0,1,13
3070,106.0,515.7,21.2,-20.7,21.1,19.0,6,251
5077,108.5,563.4,32.8,56.8,41.4,30.1,10,450
4085,109.0,563.4,26.5,3.9,43.5,24.4,12,491
3026,111.0,538.5,21.2,-20.8,-63.5,19.9,1,20
3007,112.0,346.1,21.2,14.8,-41.8,20.1,2,68
3185,112.0,479.1,21.2,25.0,-12.8,20.1,4,190
3125,114.0,651.9,21.2,-2.2,-7.0,20.4,4,176
1048,114.5,417.6,18.5,-0.6,76.2,17.9,,582
2053,116.0,421.4,20.1,-47.7,-12.1,19.7,,587
3081,117.0,461.6,21.2,-32.3,50.6,21.0,9,396
3109,117.0,660.4,21.2,43.1,48.3,21.0,10,428
3112,117.0,610.6,21.2,52.1,38.9,21.0,10,430
4086,117.0,555.4,26.5,0.1,48.2,26.2,12,492
5011,117.0,497.7,32.8,-45.9,-73.3,32.5,,627
4037,118.5,470.6,26.5,-63.9,-55.5,26.5,3,129
5002,119.0,628.6,32.8,4.5,-76.7,33.0,1,41
5019,119.5,469.6,32.8,-74.7,-48.3,33.1,3,148
4149,119.5,640.8,26.5,0.9,-13.8,26.8,4,194
5088,119.5,711.3,32.8,19.0,21.9,33.1,8,370
5126,119.5,587.2,32.8,53.5,46.4,33.1,10,455
4127,119.5,697.0,26.5,32.5,55.9,26.8,11,471
4128,119.5,707.6,26.5,35.1,51.7,26.8,11,472
5071,120.5,550.1,32.8,54.3,56.1,33.4,10,444
2013,122.0,493.4,20.1,7.2,-85.2,20.7,1,10
4036,122.0,481.6,26.5,"-23,7",-56.6,27.3,3,128
4162,122.0,514.1,26.5,20.5,-11.8,27.3,4,197
3029,122.0,405.5,21.2,-36.5,-53.0,21.8,,593
5030,122.0,563.9,32.8,-17.4,13.6,33.8,,628
4092,123.0,594.1,26.5,29.4,74.2,27.6,,617
4002,124.5,324.9,26.5,17.6,-45.3,27.9,2,77
2134,124.5,603.7,20.1,6.8,-15.6,21.1,4,175
3145,125.0,452.6,21.2,35.2,-5.2,22.4,7,306
3143,126.0,514.1,21.2,26.6,-8.5,22.6,4,184
4001,127.0,355.6,26.5,19.0,-40.8,28.4,2,76
2165,127.0,481.2,20.1,57.3,19.1,21.6,7,303
3160,127.0,532.1,21.2,62.7,11.1,22.7,7,317
4084,127.0,424.0,26.5,-33.0,44.9,28.4,9,407
1049,127.0,443.6,18.5,58.6,87.3,19.8,14,528
1044,127.5,469.6,18.5,22.5,-15.9,19.9,4,173
4115,128.0,565.0,26.5,56.6,50.8,28.7,10,436
4131,128.0,708.1,26.5,41.1,42.0,28.7,10,437
5089,128.0,633.4,32.8,-4.7,-2.7,35.5,,635
3028,130.0,421.4,21.2,-35.3,-56.7,23.3,,592
3137,130.5,493.4,21.2,18.7,-15.7,23.4,4,181
4150,130.5,624.3,26.5,5.3,-11.8,29.2,4,195
5029,130.5,595.7,32.8,-14.9,7.8,36.2,5,232
3142,130.5,515.7,21.2,32.0,-3.0,23.4,7,305
3141,130.5,558.6,21.2,27.8,-3.8,23.4,,601
3052,132.0,362.5,21.2,-62.5,-25.0,23.6,3,120
3178,132.0,493.4,21.2,-37.3,-21.4,23.6,6,256
3181,132.0,533.7,21.2,46.7,24.4,23.6,,604
4039,133.0,474.4,26.5,-71.3,-52.5,29.8,3,131
3144,133.0,504.0,21.2,29.2,-11.4,23.8,4,185
4148,133.0,623.8,26.5,3.4,-17.9,29.8,4,193
5101,133.0,576.1,32.8,28.9,1.3,36.9,7,333
5075,133.0,541.7,32.8,72.9,38.8,36.9,10,448
4005,133.0,362.5,26.5,6.2,-59.1,29.8,,607
1002,135.0,581.9,18.5,37.7,-27.3,21.1,4,161
4158,135.5,532.1,26.5,47.6,19.9,30.4,7,331
3051,138.0,416.1,21.2,-64.7,-36.9,24.7,3,119
5116,138.0,529.5,32.8,-66.1,-32.2,38.3,3,153
3136,138.0,566.6,21.2,15.9,-12.7,24.7,4,180
3139,138.0,493.4,21.2,31.9,-14.3,24.7,4,183
5098,138.0,552.8,32.8,33.0,-26.4,38.3,4,207
5100,138.0,519.4,32.8,38.9,-22.6,38.3,4,208
4077,138.0,671.0,26.5,-19.0,33.5,30.9,9,401
5078,138.0,672.6,32.8,46.0,45.8,38.3,10,451
5080,138.0,624.3,32.8,27.5,64.0,38.3,11,475
4008,140.0,477.0,26.5,11.5,-85.5,31.4,1,26
5106,140.5,398.6,32.8,-31.6,-53.2,39.0,2,92
3183,140.5,622.8,21.2,-10.1,3.8,25.2,5,226
3164,140.5,475.9,21.2,63.8,18.6,25.2,7,319
4135,140.5,595.7,26.5,53.9,31.0,31.5,10,441
3055,143.0,558.6,21.2,-39.2,-9.6,25.6,6,244
2124,143.0,624.3,20.1,0.3,-3.9,24.3,,589
3110,144.0,636.5,21.2,50.7,42.5,25.8,10,429
3140,144.0,534.2,21.2,24.2,-5.3,25.8,,600
5061,144.0,526.8,32.8,17.5,93.7,40.0,,633
1005,145.0,526.8,18.5,44.9,-17.2,22.7,4,164
5018,145.5,498.2,32.8,-54.0,-55.1,40.4,3,147
5031,146.0,554.9,32.8,-28.8,17.2,40.5,6,285
3082,146.0,432.0,21.2,-33.7,54.4,26.2,9,397
5073,146.5,543.3,32.8,60.3,46.7,40.6,10,446
4119,146.5,651.4,26.5,34.6,60.0,32.8,11,467
4110,146.5,522.1,26.5,51.3,60.7,32.8,14,558
4141,146.5,646.1,26.5,-7.3,1.9,32.8,,620
1006,148.0,529.5,18.5,41.6,-18.7,23.1,4,165
5042,149.0,497.7,32.8,-28.3,53.9,41.3,9,410
4107,149.0,540.1,26.5,40.4,67.6,33.4,14,555
1003,150.0,558.1,18.5,43.6,-24.1,23.4,4,162
2099,150.0,693.8,20.1,31.1,35.2,25.5,14,530
2107,150.5,557.6,20.1,44.6,59.7,25.6,14,534
4103,151.0,539.0,26.5,52.4,78.9,33.8,14,551
5066,151.5,512.0,32.8,61.5,72.9,42.0,14,561
4134,152.0,584.1,26.5,55.8,35.7,34.1,10,440
1004,153.0,512.5,18.5,44.7,-20.7,23.9,4,163
3166,154.0,459.5,21.2,56.2,15.4,27.6,7,320
1014,154.0,523.4,18.5,63.7,33.9,24.1,10,426
1047,154.0,474.4,18.5,12.3,88.6,24.1,13,508
5114,155.0,432.5,32.6,-32.3,-60.8,43.0,1,46
3132,155.0,587.2,21.2,1.6,-31.9,27.8,4,177
5097,155.0,587.8,32.8,10.7,-12.6,43.0,4,206
3114,155.0,711.5,21.2,39.7,46.3,27.8,10,432
5086,155.0,622.2,32.8,44.6,30.9,43.0,10,453
2076,155.5,678.4,20.1,-15.7,40.0,26.4,9,390
4106,156.0,619.6,26.5,37.7,72.5,35.0,14,554
5076,156.5,553.3,32.8,59.1,31.3,43.4,10,449
4177,157.5,468.0,26.5,-71.9,-37.8,35.3,3,146
2017,159.0,568.2,20.1,-12.9,-86.7,27.0,1,14
4038,159.0,492.9,26.5,-66.4,-51.7,35.6,3,130
4041,159.0,479.7,26.5,-70.6,-44.7,35.6,3,133
4047,159.0,446.8,26.5,-35.1,-39.0,35.6,3,139
4051,159.0,410.2,26.5,-61.4,-20.7,35.6,3,143
4155,159.0,501.4,26.5,44.2,5.4,35.6,7,328
3071,159.0,581.4,21.2,-16.8,22.4,28.5,9,393
1025,159.0,479.1,18.5,-41.0,36.1,24.8,,577
1025,159.0,577.2,18.5,-17.3,18.6,24.8,,578
1043,159.0,474.0,18.5,42.2,23.4,24.8,,581
5033,159.5,357.8,32.8,-51.0,13.4,44.3,6,287
4007,160.0,433.5,26.5,15.0,-82.0,35.9,1,25
3133,160.0,569.8,21.2,5.6,-29.2,28.7,4,178
5115,160.0,540.6,32.8,6.7,-34.2,44.4,4,209
3131,160.0,542.7,21.2,-36.6,26.6,28.7,6,254
3154,160.0,399.6,21.2,47.2,-4.7,28.7,7,311
3167,160.0,431.4,21.2,51.8,7.5,28.7,7,321
3168,160.0,408.1,21.2,48.4,6.0,28.7,7,322
5043,160.0,461.6,32.8,-22.3,52.7,44.4,9,411
4133,160.0,623.8,26.5,50.8,34.6,35.9,10,439
1032,161.5,338.7,18.5,1.0,-37.8,25.2,2,59
2163,161.5,431.4,20.1,60.4,17.2,27.4,7,302
3106,161.5,538.0,21.2,56.5,67.1,28.9,14,540
5064,161.5,592.5,32.8,44.7,89.2,44.8,14,559
5067,161.5,523.1,32.8,56.1,72.4,44.8,14,562
4136,162.5,715.0,26.5,30.4,29.0,36.4,8,362
2090,162.5,546.4,20.1,16.5,80.2,27.6,13,509
4066,163.5,501.9,26.5,-34.3,18.2,36.6,6,272
2162,164.0,548.0,20.1,59.9,13.4,27.9,7,301
4129,164.0,717.1,26.5,30.5,45.4,36.8,11,473
4102,164.0,504.0,26.5,58.5,77.2,36.8,14,550
4109,164.0,545.9,26.5,47.3,63.2,36.8,14,557
4147,165.0,641.3,26.5,0.3,-21.6,37.0,4,192
3151,165.0,479.7,21.2,43.6,-3.5,29.6,7,310
5040,165.0,496.6,32.8,-30.9,39.1,45.8,9,408
5113,165.0,729.3,32.8,24.9,44.7,45.8,11,478
3100,165.0,623.3,21.2,44.5,79.5,29.6,14,537
3108,165.0,535.8,21.2,63.5,68.7,29.6,14,541
5122,165.0,578.2,32.8,41.5,94.9,45.8,14,567
3054,165.0,503.0,21.2,-54.6,-21.7,29.6,,594
4050,165.5,402.3,26.5,-57.7,-25.4,37.1,3,142
1034,166.5,549.1,18.5,-24.2,18.7,26.0,6,239
4020,170.0,392.7,26.5,-27.1,-57.1,38.1,1,38
4043,170.0,433.7,26.5,-63.4,-42.3,38.1,3,135
5107,170.0,410.8,32.8,55.8,10.5,47.2,7,338
4132,170.0,651.9,26.5,47.7,39.1,38.1,10,438
3084,170.0,371.0,21.2,-17.7,72.4,30.5,,598
1007,172.5,601.6,18.5,29.8,-36.0,27.0,4,166
3138,172.5,533.7,21.2,20.2,-19.2,30.9,4,182
3159,172.5,358.8,21.2,60.0,8.3,30.9,7,316
3091,172.5,489.7,21.2,20.0,68.6,30.9,13,510
4174,172.5,448.9,26.5,5.5,87.3,38.7,13,515
4027,172.5,518.9,26.5,-38.0,-60.7,38.7,,609
4012,175.0,591.0,26.5,-8.9,-87.5,39.2,1,30
2004,175.0,386.9,20.1,14.6,-48.8,29.7,2,60
2048,175.0,516.8,20.1,-70.1,-48.8,29.7,3,109
1011,175.0,613.7,18.5,31.4,-21.5,27.4,4,170
2058,175.0,752.1,20.1,-20.2,-2.9,29.7,5,221
4067,175.0,563.4,26.5,-29.2,11.8,39.2,6,273
5108,175.0,491.3,32.8,50.7,15.1,48.6,7,339
2021,175.0,546.4,20.1,-40.4,-70.4,29.7,,584
4062,175.5,336.6,26.5,-52.1,7.6,39.3,6,268
4123,176.0,706.5,26.5,15.3,41.1,39.4,8,358
5020,176.5,468.5,32.8,-59.1,-45.7,49.0,3,149
1022,177.5,318.0,18.5,-7.3,-39.1,27.7,2,57
2072,177.5,711.3,20.1,-8.8,34.2,30.2,9,386
2073,177.5,707.6,20.1,-10.5,37.8,30.2,9,387
5065,177.5,492.4,32.8,56.1,82.2,49.3,14,560
5035,180.0,383.7,32.8,-47.6,23.6,50.0,6,288
3080,180.0,446.8,21.2,-35.8,48.2,32.3,9,395
1036,180.0,661.4,18.5,46.9,34.6,28.1,10,427
3180,180.0,651.4,21.2,-3.7,-19.3,32.3,,603
5111,181.0,526.8,32.8,-31.5,28.0,50.2,6,292
4156,181.0,604.2,26.5,42.7,19.3,40.6,7,329
4116,181.0,614.3,26.5,42.5,56.1,40.6,11,464
4117,181.0,635.5,26.5,39.9,51.7,40.6,11,465
4113,181.0,526.8,26.5,56.4,61.0,40.6,,619
3182,182.5,614.8,21.2,-2.5,-24.7,32.7,4,189
4139,182.5,840.1,26.5,18.3,30.6,40.9,8,365
5068,182.5,582.5,32.8,51.6,66.6,50.6,14,563
4176,183.0,553.9,26.5,64.3,43.5,41.0,10,443
5109,183.0,548.6,32.8,53.0,21.1,50.8,,636
3179,186.0,680.5,21.2,-2.7,-11.4,33.3,4,188
5112,186.0,757.9,32.8,12.9,28.7,51.6,8,373
3079,186.0,438.8,21.2,-39.5,46.3,33.3,9,394
4130,186.0,687.9,26.5,35.4,45.6,41.7,11,474
4101,186.0,468.0,26.5,54.3,87.8,41.7,14,549
5125,186.0,590.4,32.8,35.0,67.6,51.6,14,568
5118,186.0,389.6,32.8,-12.5,67.1,51.6,,637
5121,186.0,433.0,32.8,4.2,74.6,51.6,,638
2120,186.5,686.9,20.1,2.6,30.2,31.7,,588
3033,187.5,270.3,21.2,-9.8,-48.7,33.6,2,71
4142,187.5,674.2,26.5,-6.5,-7.9,42.0,5,227
3177,187.5,510.9,21.2,-41.2,-22.4,33.6,6,255
3097,187.5,576.1,21.2,27.4,92.8,33.6,14,536
1026,188.5,464.8,18.5,-62.0,-33.9,29.5,3,102
3092,190.5,604.2,21.2,26.8,77.7,34.1,,599
5007,191.0,305.2,32.8,18.3,-51.9,53.0,2,85
4171,191.0,665.2,26.5,2.3,-7.6,42.8,4,199
3186,191.0,645.0,21.2,-32.0,-17.0,34.2,6,257
3188,191.0,613.7,21.2,-33.5,33.4,34.2,6,258
4054,191.0,462.7,26.5,-48.8,-16.9,42.8,6,261
3117,191.0,751.0,21.2,23.2,38.1,34.2,8,352
2078,191.0,670.5,20.1,-7.7,30.1,32.5,9,392
5044,191.0,408.1,32.8,-24.9,58.9,53.0,9,412
2103,191.0,573.5,20.1,48.5,79.8,32.5,14,532
3105,191.0,610.6,21.2,50.5,71.3,34.2,14,539
5090,192.0,479.7,32.8,7.4,80.4,53.3,13,521
4031,193.5,490.8,26.5,-54.7,-49.9,43.4,3,124
5072,193.5,552.8,32.8,61.5,52.1,53.7,10,445
3113,194.0,607.4,21.2,49.6,30.5,34.8,10,431
3169,194.5,472.2,21.2,48.8,9.9,34.9,7,323
4111,194.5,526.8,26.5,68.2,40.7,43.6,10,434
1017,194.5,624.3,18.5,32.4,63.7,30.4,11,462
3101,194.5,609.0,21.2,33.3,72.1,34.9,14,538
1018,195.5,744.1,18.5,14.6,24.0,30.6,8,348
1027,196.0,570.3,18.5,-26.2,-76.7,30.6,1,6
2011,196.0,601.0,20.1,2.6,-72.7,33.3,1,8
1029,196.0,364.6,18.5,-12.6,-39.4,30.6,2,58
5120,196.0,391.7,32.8,-53.6,1.9,54.4,6,293
3083,196.0,395.9,21.2,-21.7,63.0,35.1,9,398
4120,196.0,684.8,26.5,27.5,55.8,43.9,11,468
4089,196.0,538.0,26.5,12.8,67.9,43.9,12,494
4108,196.0,568.2,26.5,40.8,62.6,43.9,14,556
5063,199.0,618.0,32.8,21.6,73.4,55.2,13,519
1008,199.5,553.3,18.5,40.0,-15.4,31.2,4,167
4125,199.5,716.6,26.5,7.0,29.6,44.7,8,360
2098,199.5,634.9,20.1,32.1,89.5,33.9,14,529
4052,199.5,465.3,26.5,-59.4,-16.3,44.7,,610
3191,200.0,664.1,21.2,-8.9,-59.4,35.9,1,23
202,200.0,0.0,18.5,25.0,-24.2,31.3,4,210
4026,201.0,561.6,26.5,-44.1,-68.5,45.1,,608
4146,202.0,600.0,26.5,0.9,-27.8,45.3,4,191
3127,202.0,776.5,21.2,-9.9,-6.3,36.2,5,225
4144,202.0,747.8,26.5,-12.3,-10.1,45.3,5,228
5105,202.0,392.2,32.8,45.4,-11.7,56.1,7,337
4173,202.0,499.3,26.5,-9.5,85.9,45.3,13,514
4099,202.0,652.4,26.5,25.6,83.5,45.3,14,547
2006,204.5,417.6,20.1,8.2,-51.8,34.8,2,61
5095,204.5,610.0,32.8,26.2,-33.1,56.8,4,204
1046,204.5,617.5,18.5,-33.2,-20.2,32.0,6,242
3129,204.5,495.0,21.2,-24.0,23.4,36.7,6,252
4145,204.5,647.1,26.5,23.1,17.9,45.8,8,366
4114,204.5,571.3,26.5,59.9,67.5,45.8,10,435
2102,204.5,634.9,20.1,42.5,71.6,34.8,14,531
4100,204.5,602.6,26.5,49.5,85.2,45.8,14,548
4017,206.0,602.1,26.5,-5.2,-57.2,46.2,1,35
4018,206.0,504.0,26.5,-24.0,-60.6,46.2,1,36
2044,206.0,527.4,20.1,-50.3,-51.7,35.0,3,107
4009,207.0,605.8,26.5,2.0,-85.0,46.4,1,27
2049,207.0,472.8,20.1,-68.9,-35.7,35.2,3,110
5028,207.0,686.9,32.8,-13.0,1.6,57.5,5,231
3061,207.0,519.4,21.2,-34.0,13.7,37.1,6,246
4118,207.0,670.5,26.5,37.3,56.1,46.4,11,466
4093,207.0,658.8,26.5,29.5,81.5,46.4,14,542
4096,207.0,646.1,26.5,36.3,87.6,46.4,14,544
4097,207.0,621.2,26.5,40.7,85.5,46.4,14,545
5062,207.0,410.8,32.8,-6.1,70.3,57.5,,634
5025,208.5,629.6,32.8,-31.5,-11.2,57.9,6,283
1013,209.5,627.5,18.5,21.2,-32.0,32.8,4,172
3060,209.5,792.4,21.2,-12.9,-3.7,37.6,5,223
3148,209.5,498.7,21.2,39.1,-6.8,37.6,7,307
3175,209.5,601.0,21.2,30.9,6.0,37.6,7,327
4112,209.5,768.5,26.5,26.5,31.8,47.0,8,357
3115,209.5,648.2,21.2,22.7,54.9,37.6,11,463
4143,209.5,723.5,26.5,-8.3,-12.7,47.0,,621
4165,209.5,428.8,26.5,-0.8,71.4,47.0,,625
2014,210.0,559.2,20.1,4.3,-82.1,35.7,1,11
1033,210.0,605.3,18.5,-20.8,17.4,32.8,,579
3157,212.0,402.3,21.2,55.6,1.9,38.0,7,314
5046,212.0,383.7,32.8,-20.2,67.6,58.8,9,414
2085,212.0,623.3,20.1,3.3,40.9,36.0,12,485
3095,212.0,577.2,21.2,19.4,82.0,38.0,13,512
5058,212.0,539.0,32.8,15.1,74.8,58.8,13,516
4104,212.0,643.4,26.5,41.3,75.9,47.5,14,552
4157,213.0,572.4,26.5,45.2,15.3,47.7,7,330
5102,213.0,508.3,32.8,39.1,-1.8,59.1,7,334
2046,214.5,580.9,20.1,-49.0,-48.3,36.5,3,108
4035,214.5,527.4,26.5,-59.0,-52.5,48.1,3,127
2104,214.5,589.4,20.1,51.7,74.9,36.5,14,533
3050,215.0,292.0,21.2,-7.1,-51.0,38.5,2,74
4161,215.5,485.5,26.5,-42.7,-13.5,48.3,,623
4023,217.0,335.0,26.5,-13.8,-52.0,48.6,2,80
4153,218.0,557.0,26.5,20.8,-23.6,48.9,4,198
4061,220.0,405.5,26.5,-47.2,5.1,49.3,6,267
3158,220.5,540.1,21.2,57.9,4.8,39.5,7,315
5074,220.5,505.6,32.8,68.6,35.6,61.2,10,447
5052,221.0,711.3,32.8,6.2,51.2,61.3,12,498
3003,222.5,403.3,21.2,12.5,-45.3,39.9,2,66
3005,222.5,396.4,21.2,12.3,-52.0,39.9,2,67
4021,222.5,426.1,26.5,-25.5,-43.3,49.9,2,78
4022,222.5,370.5,26.5,-18.8,-52.2,49.9,2,79
502,222.5,0.0,26.5,29.2,39.6,49.9,,644
4040,223.0,548.6,26.5,-66.1,-47.3,50.0,3,132
4042,223.0,513.6,26.5,-68.2,-40.0,50.0,3,134
4044,223.0,523.1,26.5,-53.4,-44.8,50.0,3,136
4058,223.0,526.3,26.5,-43.2,-7.3,50.0,6,264
2122,223.0,682.1,20.1,36.4,15.1,37.9,8,350
4075,223.0,683.2,26.5,-11.5,30.9,50.0,9,399
5054,223.0,658.3,32.8,-15.0,26.8,61.9,9,417
5060,223.0,564.5,32.8,18.6,87.3,61.9,13,518
4053,223.0,516.8,26.5,-54.5,-17.3,50.0,,611
4091,223.0,569.8,26.5,19.1,14.3,50.0,,616
4095,223.0,596.3,26.5,23.5,91.3,50.0,,618
5003,224.0,355.1,32.8,9.2,-80.4,62.2,1,42
5081,224.0,638.7,32.8,23.1,59.7,62.2,11,476
3094,225.5,667.3,21.2,32.2,78.2,40.4,14,535
4105,225.5,678.4,26.5,36.5,77.0,50.6,14,553
2023,225.5,536.4,20.1,-39.5,-56.3,38.3,,586
2152,225.5,608.4,20.1,-23.9,26.5,38.3,,590
4010,226.0,666.2,26.5,0.4,-80.6,50.7,1,28
3126,226.0,749.4,21.2,-9.1,-2.6,40.5,5,224
5041,227.0,541.7,32.8,-27.0,43.9,63.0,9,409
4082,227.0,590.4,26.5,-0.6,43.3,50.9,12,490
3057,227.0,659.9,21.2,-27.4,-14.5,40.7,,595
4159,228.0,437.4,26.5,51.5,3.1,51.1,7,332
4122,228.0,714.4,26.5,23.8,50.4,51.1,11,470
4094,230.0,607.9,26.5,27.5,88.4,51.6,14,543
5104,230.5,464.8,32.8,46.9,0.6,64.0,7,336
3121,230.5,778.0,21.2,17.4,26.5,41.3,8,355
3149,231.0,516.8,21.2,43.3,-7.5,41.4,7,308
2077,233.0,662.5,20.1,-18.6,37.7,39.6,9,391
3130,234.0,503.0,21.2,-27.6,25.2,42.0,6,253
3171,234.0,524.7,21.2,43.5,11.0,42.0,7,325
4003,234.0,443.1,26.5,9.8,-55.7,52.5,,605
5110,235.5,620.1,32.8,40.1,14.5,65.4,7,340
1041,235.5,698.0,18.5,-21.5,10.0,36.8,,580
4025,236.0,591.0,26.5,-36.5,-65.3,52.9,1,39
4169,236.0,472.0,26.5,52.2,26.8,52.9,10,442
4057,236.5,542.7,26.5,-39.3,-17.9,53.0,6,263
1040,238.0,506.2,18.5,-9.8,52.6,37.2,9,384
3024,239.0,702.3,21.2,-12.7,-61.3,42.9,1,19
3043,239.0,537.4,21.2,-57.2,-41.0,42.9,3,116
3045,239.0,544.8,21.2,-48.9,-55.0,42.9,3,117
5027,239.0,767.4,32.8,-17.0,-6.8,66.3,5,230
3170,239.0,525.2,21.2,40.0,3.0,42.9,7,324
4088,239.0,504.0,26.5,8.0,70.2,53.6,12,493
5123,240.0,664.6,32.8,3.8,35.2,66.6,8,374
5117,240.0,584.5,32.8,46.7,25.0,66.6,10,454
3032,240.5,377.9,21.2,-16.4,-48.7,43.1,2,70
4151,240.5,641.3,26.5,27.4,-27.7,53.9,4,196
2022,240.5,576.1,20.1,-40.1,-66.9,40.9,,585
4081,241.0,534.8,26.5,-12.0,49.2,54.0,9,405
5035,241.5,694.3,32.8,42.4,36.4,67.0,10,452
5082,242.5,702.8,32.8,29.6,50.9,67.3,11,477
3009,243.0,605.8,21.2,3.1,-62.2,43.6,1,17
2153,243.0,363.1,20.1,51.4,-4.8,41.3,7,300
1031,244.0,731.4,18.5,-15.9,-63.7,38.2,1,7
3027,244.0,513.0,21.2,-28.0,-62.9,43.7,1,21
4016,244.0,751.0,26.5,-12.4,-65.6,54.7,1,34
3111,244.0,398.0,21.2,6.4,-41.6,43.7,2,75
4164,244.0,491.8,26.5,-60.4,-38.0,54.7,3,144
3066,244.0,553.9,21.2,-44.2,30.6,43.7,6,250
2074,244.0,700.1,20.1,-12.1,41.5,41.5,9,388
5069,244.0,619.6,32.8,46.9,74.8,67.7,14,564
5099,245.0,694.8,32.8,30.6,12.8,68.0,8,372
4121,245.0,643.4,26.5,18.9,52.2,54.9,11,469
3150,246.0,370.5,21.2,49.4,-7.8,44.1,7,309
4126,246.5,745.7,26.5,20.6,41.5,55.3,8,361
2068,248.0,631.2,20.1,-23.5,32.4,42.2,9,385
4024,249.0,285.7,26.5,-4.7,-46.3,55.8,2,81
4083,249.0,453.7,26.5,-19.6,57.5,55.8,9,406
5103,250.0,558.1,32.8,39.5,8.3,69.4,7,335
1015,250.0,485.0,18.5,-7.8,55.5,39.1,9,381
5059,250.0,548.6,32.8,14.6,82.6,69.4,13,517
5016,250.5,492.4,32.8,-28.0,-48.3,69.5,2,90
5096,251.5,578.6,32.8,15.2,-24.8,69.8,4,205
4098,251.5,706.0,26.5,40.2,80.4,56.4,14,546
2174,251.5,665.2,20.1,35.2,15.2,42.8,,591
4072,254.0,598.9,26.5,-36.2,-14.3,56.9,6,278
3123,254.0,677.9,21.2,27.1,26.5,45.5,8,356
4004,254.0,490.3,26.5,10.7,-60.2,56.9,,606
4073,254.0,601.7,26.5,-25.7,-10.5,56.9,,613
206,254.5,0.0,18.5,-1.3,35.0,39.8,,640
403,254.5,0.0,21.2,23.1,36.7,45.6,,643
3147,255.0,548.6,21.2,37.3,-10.4,45.7,4,187
3156,255.0,365.7,21.2,53.1,-1.0,45.7,7,313
4138,255.0,734.1,26.5,24.7,22.5,57.2,8,364
4079,255.0,657.2,26.5,-17.9,44.0,57.2,9,403
5079,255.0,621.2,32.8,24.3,83.5,70.8,13,520
3001,255.5,453.2,21.2,8.4,-38.7,45.8,2,64
4030,256.5,571.3,26.5,-46.3,-51.8,57.5,3,123
3155,257.5,352.5,21.2,54.9,-4.2,46.2,7,312
4140,260.0,561.8,26.5,-31.5,22.5,58.3,6,279
2086,263.0,593.1,20.1,14.7,54.1,44.7,12,486
3093,265.0,644.0,21.2,22.8,78.8,47.5,13,511
207,265.0,0.0,18.5,0.2,38.6,41.4,,641
2018,266.0,644.5,20.1,-10.7,-83.8,48.6,1,15
4076,266.0,686.4,26.5,-14.6,36.0,59.6,9,400
3096,267.5,614.3,21.2,19.0,78.1,48.0,13,513
4172,268.5,553.3,26.5,-41.0,-52.6,60.2,3,145
4160,268.5,587.8,26.5,-42.9,-23.7,60.2,6,280
5083,269.5,721.9,32.8,34.9,82.4,74.8,14,566
4006,270.0,585.1,26.5,4.7,-66.5,60.5,1,24
3002,270.0,435.1,21.2,10.6,-42.0,48.4,2,65
1039,270.0,622.2,18.5,-41.4,-29.6,42.2,3,104
3189,270.0,472.2,21.2,-47.0,-10.1,48.4,6,259
1020,270.0,638.1,18.5,-25.0,39.5,42.2,9,382
5070,270.0,628.6,32.8,46.3,68.8,75.0,14,565
3067,270.0,623.8,21.2,-26.4,29.7,48.4,,596
5056,273.5,789.2,32.8,18.7,36.1,75.9,8,368
5128,273.5,630.2,32.8,12.1,49.8,75.9,12,499
5084,276.0,518.3,32.8,13.0,-35.8,76.6,4,200
4056,276.0,557.6,26.5,-44.3,-19.3,61.9,6,262
3172,276.0,675.8,21.2,33.6,8.6,49.5,7,326
2089,276.0,551.7,20.1,9.6,65.1,46.9,12,489
3047,277.5,569.8,21.2,-63.1,-50.1,49.8,3,118
3190,279.0,422.9,21.2,-50.9,-4.8,50.0,6,260
3146,280.0,588.8,21.2,35.6,-14.0,50.2,4,186
4175,281.0,511.5,26.5,-2.1,67.0,63.0,,626
5012,282.5,355.1,32.8,-9.8,-43.2,78.4,2,86
3040,284.5,556.0,21.2,-45.1,-31.6,51.0,3,114
1016,284.5,472.8,18.5,-4.9,56.5,44.5,,575
3184,286.0,369.9,21.2,-14.0,-77.2,51.3,1,22
1012,286.0,655.6,18.5,28.6,-23.6,44.7,4,171
1042,286.0,494.0,18.5,-38.4,6.8,44.7,6,241
3176,286.0,530.0,21.2,-42.6,-59.1,51.3,,602
5021,288.0,586.7,32.8,-48.3,-43.2,80.0,3,150
208,288.0,0.0,18.5,14.9,34.2,45.1,12,500
3065,291.0,571.3,21.2,-37.5,20.8,52.2,6,249
4078,291.0,667.3,26.5,-22.9,36.7,65.3,9,402
5023,293.0,499.3,32.8,-61.7,-29.7,81.3,3,152
5057,293.0,478.6,32.8,3.3,66.9,81.3,,632
3062,294.5,441.0,21.2,-42.9,5.8,52.8,6,247
5087,295.5,805.6,32.8,22.3,27.7,82.0,8,369
4015,296.0,606.3,26.5,-9.2,-77.3,66.4,1,33
4080,296.0,625.4,26.5,-16.7,48.9,66.4,9,404
4045,297.0,507.2,26.5,-58.3,-33.8,66.6,3,137
2039,300.0,453.7,20.1,-21.4,-42.0,51.0,2,63
3031,300.0,577.2,21.2,-43.1,-35.5,53.8,3,111
4028,300.0,615.3,26.5,-39.6,-46.8,67.3,3,121
3118,300.0,818.3,21.2,22.5,32.4,53.8,8,353
5014,301.0,410.8,32.8,-16.2,-43.4,83.6,2,88
3116,302.0,675.8,21.2,17.3,44.9,54.2,8,351
5032,305.5,455.8,32.8,-45.9,10.3,84.8,6,286
3042,309.0,547.0,21.2,-54.1,-36.3,55.4,3,115
5006,309.5,441.5,32.8,4.9,-46.6,85.9,2,84
4033,311.0,572.4,26.5,-53.2,-40.3,69.7,3,126
5017,312.0,592.0,32.8,-33.3,-47.2,86.6,2,91
2041,312.0,546.4,20.1,-48.8,-31.8,53.1,3,106
5092,313.0,628.1,32.8,5.2,-24.0,86.9,4,201
5001,314.5,603.2,32.8,-2.0,-75.7,87.3,1,40
3010,315.0,629.6,21.2,1.2,-68.8,56.5,1,18
5015,315.0,482.8,32.8,-21.9,-47.1,87.5,2,89
5045,315.5,465.3,32.8,-16.5,62.7,87.6,9,413
4137,316.5,755.3,26.5,31.3,23.6,71.0,8,363
2038,318.0,598.4,20.1,-44.6,-39.9,54.1,3,105
204,318.0,0.0,18.5,40.8,-11.7,49.7,7,341
5124,318.0,701.2,32.8,-5.6,38.2,88.3,9,419
205,318.0,0.0,18.5,35.2,18.8,49.7,,639
4163,319.0,694.3,26.5,-4.4,-15.2,71.5,,624
3035,320.0,337.1,21.2,-3.8,-41.3,57.4,2,73
4046,320.0,514.6,26.5,-55.8,-29.9,71.8,3,138
2025,320.0,501.9,20.1,-47.6,-6.4,54.4,6,243
3034,322.0,325.4,21.2,0.0,-41.1,57.7,2,72
2019,323.0,648.7,20.1,-23.5,-75.3,54.9,1,16
3119,324.0,736.7,21.2,13.5,37.1,58.1,8,354
5091,324.0,726.1,32.8,30.2,18.7,90.0,8,371
2087,324.0,556.0,20.1,11.4,56.1,55.1,12,487
4124,325.0,691.1,26.5,10.0,33.9,72.9,8,359
1038,325.5,651.9,18.5,-38.6,-34.8,50.9,3,103
5024,326.5,580.4,32.8,"-43,6",-13.5,90.7,6,282
4074,327.0,720.3,26.5,-22.7,-6.7,73.3,,614
4032,329.0,633.9,26.5,-40.5,-39.0,73.8,3,125
3135,329.0,601.6,21.2,10.1,-24.0,59.0,4,179
5037,329.0,565.5,32.8,-40.7,25.8,91.3,6,290
1037,330.5,617.5,18.5,-23.3,47.3,51.7,9,383
4059,331.0,492.9,26.5,-47.2,-2.1,74.2,6,265
5009,334.0,619.0,32.6,-31.4,-67.4,92.7,1,44
5013,334.0,428.2,32.8,-3.1,-51.8,92.7,2,87
4049,334.0,588.8,26.5,-52.0,-26.7,74.9,3,141
5053,340.0,657.2,32.8,8.1,39.5,94.4,8,367
4154,340.0,686.4,26.5,-22.5,13.8,76.2,,622
1023,341.5,730.3,18.5,-21.0,2.6,53.4,5,218
4048,345.0,609.5,26.5,-47.4,-28.1,77.4,3,140
4060,345.0,470.1,26.5,-43.4,1.6,77.4,6,266
5038,345.0,632.8,32.8,-38.4,31.0,95.8,6,291
4090,345.0,521.5,26.5,10.7,10.6,77.4,12,495
1024,347.5,779.1,18.5,-17.0,1.6,54.4,5,219
5048,348.5,553.9,32.8,-6.5,64.0,96.8,,630
4019,350.0,613.7,26.5,-24.6,-66.5,78.5,1,37
3037,350.0,664.6,21.2,-41.8,-43.2,62.8,3,113
4014,355.0,736.2,26.5,-10.1,-79.3,79.6,1,32
4029,360.0,601.6,26.5,-44.6,-47.1,80.7,3,122
5022,360.0,562.9,32.8,-49.0,-37.2,100.0,3,151
2075,360.0,669.4,20.1,-13.7,44.9,61.2,9,389
5008,364.5,637.6,32.8,-27.3,-72.1,101.2,1,43
2173,364.5,688.5,20.1,36.3,11.4,62.0,7,304
1050,366.0,663.0,18.5,-23.4,5.8,57.3,5,220
3064,369.5,527.9,21.2,-45.3,15.2,66.3,6,248
4064,369.5,487.6,26.5,-34.6,4.3,82.9,6,270
4065,369.5,537.4,26.5,-35.0,9.3,82.9,6,271
201,370.0,0.0,18.5,-3.8,-37.2,57.9,2,93
4055,370.0,601.6,26.5,-50.3,-21.8,83.0,,612
3008,371.0,484.4,21.2,3.2,-42.9,66.5,2,69
4068,371.0,587.8,26.5,-30.4,6.9,83.2,6,274
5036,371.0,556.5,32.8,-42.4,19.8,103.0,6,289
4087,371.0,484.4,26.5,-1.5,59.4,83.2,,615
5005,373.5,478.1,32.8,2.9,-52.2,103.7,2,83
4013,376.0,667.8,26.5,-14.7,-81.7,84.3,1,31
4063,376.0,533.2,26.5,-37.9,-3.7,84.3,6,269
2015,392.0,706.0,20.1,-5.8,-78.6,66.7,1,12
2030,392.0,506.2,20.1,-30.3,-44.0,66.7,2,62
5039,397.0,600.5,32.8,-36.0,37.1,110.2,,629
402,397.5,0.0,21.2,4.4,-38.6,71.3,2,94
302,400.0,0.0,20.1,-1.3,-35.0,68.0,,642
4011,401.0,683.7,26.5,-5.8,-83.1,89.9,1,29
3059,402.0,772.7,21.2,-16.3,-2.0,72.1,5,222
4071,403.0,508.8,26.5,-35.2,-7.1,90.4,6,277
3036,409.0,699.6,21.2,-37.6,-42.8,73.4,3,112
5004,410.5,570.8,32.8,0.5,-57.7,114.0,2,82
5093,414.0,681.6,32.8,10.4,-29.7,115.0,4,202
219,420.0,0.0,18.5,14.5,31.2,65.7,12,501
4162,425.0,540.6,26.5,-38.3,0.8,95.3,6,281
5119,430.5,605.8,32.8,-14.8,54.2,119.5,9,418
1019,435.0,602.6,18.5,-5.9,59.0,68.1,,576
4166,440.0,715.5,26.5,-9.7,7.9,98.7,5,229
2088,449.5,581.9,20.1,6.7,62.7,76.5,12,488
301,450.0,0.0,20.1,30.7,-6.6,76.5,4,211
6001,450.5,703.3,49.0,-17.0,-69.4,186.9,1,47
5047,471.0,589.4,32.8,-10.4,59.1,130.8,9,415
6003,472.0,683.2,49.0,-3.7,-64.5,195.8,1,49
3056,482.0,566.0,21.2,-33.9,-0.1,86.5,6,245
5051,483.0,604.7,32.8,5.6,57.3,134.1,12,497
5049,489.0,633.4,32.8,-4.4,50.3,135.8,9,416
5094,493.0,729.3,32.8,16.7,-30.7,136.9,4,203
4069,496.0,614.8,26.5,-24.6,0.1,111.3,6,275
5055,501.5,693.8,32.8,-2.5,30.6,139.3,,631
6002,530.0,807.7,49.0,-8.8,-72.5,219.9,1,48
5026,530.0,673.1,32.8,-28.4,-5.6,147.2,6,284
5050,530.0,530.0,32.8,0.0,54.0,147.2,12,496
1035,536.0,599.4,18.5,-33.3,-3.6,83.9,6,240
4070,639.0,637.1,26.5,-29.5,0.0,143.3,6,276
,,,,,,,,645
,,,,,,,,646